{
    "en_eval_bpc": 1.5927218198776245,
    "en_eval_loss": 1.1039906740188599,
    "es_eval_bpc": 1.443312406539917,
    "es_eval_loss": 1.0004279613494873,
    "ru_eval_bpc": 0.8851881623268127,
    "ru_eval_loss": 0.6135656833648682,
    "uk_eval_bpc": 0.8944931030273438,
    "uk_eval_loss": 0.6200153827667236,
    "hi_eval_bpc": 0.694412350654602,
    "hi_eval_loss": 0.4813299775123596,
    "te_eval_bpc": 0.6618195176124573,
    "te_eval_loss": 0.4587383270263672,
    "en_en_prior": 0.33300000432647264,
    "en_en_compression_rate": 3.2176143357231077,
    "en_en_compression_var": 0.014196921791226232,
    "en_en_p_ones": 0.3111888195048463,
    "en_shortened_length": 173.01406799531065,
    "en_bp_loss": 0.00019065858545120267,
    "es_es_prior": 0.2750000059604645,
    "es_es_compression_rate": 3.9123372039487285,
    "es_es_compression_var": 0.022386434653233134,
    "es_es_p_ones": 0.25598470709657156,
    "es_shortened_length": 144.93010752688173,
    "es_bp_loss": 0.00032578439355367215,
    "ru_ru_prior": 0.16699999570846558,
    "ru_ru_compression_rate": 6.545856525477241,
    "ru_ru_compression_var": 0.08634897731134997,
    "ru_ru_p_ones": 0.153107740432024,
    "ru_shortened_length": 89.23941176470588,
    "ru_bp_loss": 0.0005180858680293621,
    "uk_uk_prior": 0.17800000309013994,
    "uk_uk_compression_rate": 6.167112109664079,
    "uk_uk_compression_var": 0.07627719453769677,
    "uk_uk_p_ones": 0.16253355104527373,
    "uk_shortened_length": 94.396379525593,
    "uk_bp_loss": 0.0005890251660785497,
    "hi_hi_prior": 0.12999999523162842,
    "hi_hi_compression_rate": 8.605481567143613,
    "hi_hi_compression_var": 0.2430539701556464,
    "hi_hi_p_ones": 0.11693017344389643,
    "hi_shortened_length": 74.72410032715376,
    "hi_bp_loss": 0.0013922984042659913,
    "te_te_prior": 0.12399999797344208,
    "te_te_compression_rate": 9.033035374346749,
    "te_te_compression_var": 0.2568919762457847,
    "te_te_p_ones": 0.11121349077513634,
    "te_shortened_length": 71.16337611056268,
    "te_bp_loss": 0.001409740607724925
    }