{
    "en_eval_bpc": 1.5919699668884277,
    "en_eval_loss": 1.1034694910049438,
    "es_eval_bpc": 1.4411402940750122,
    "es_eval_loss": 0.9989223480224609,
    "ru_eval_bpc": 0.8874958157539368,
    "ru_eval_loss": 0.6151652336120605,
    "uk_eval_bpc": 0.8964882493019104,
    "uk_eval_loss": 0.6213983297348022,
    "hi_eval_bpc": 0.6909862160682678,
    "hi_eval_loss": 0.47895514965057373,
    "te_eval_bpc": 0.6604868173599243,
    "te_eval_loss": 0.4578145742416382,
    "en_en_prior": 0.33300000432647264,
    "en_en_compression_rate": 2.99910624253652,
    "en_en_compression_var": 0.01280173805246407,
    "en_en_p_ones": 0.3339070338157529,
    "en_shortened_length": 186.21805392731537,
    "en_bp_loss": 0.006768255766398183,
    "es_es_prior": 0.2750000059604645,
    "es_es_compression_rate": 3.6103050265260923,
    "es_es_compression_var": 0.02272494579314865,
    "es_es_p_ones": 0.27748777984931905,
    "es_shortened_length": 158.40322580645162,
    "es_bp_loss": 0.006682800697363032,
    "ru_ru_prior": 0.16699999570846558,
    "ru_ru_compression_rate": 6.086348303065581,
    "ru_ru_compression_var": 0.12605270697132628,
    "ru_ru_p_ones": 0.1648836855984786,
    "ru_shortened_length": 98.71,
    "ru_bp_loss": 0.006332674576791332,
    "uk_uk_prior": 0.17800000309013994,
    "uk_uk_compression_rate": 5.702139985397663,
    "uk_uk_compression_var": 0.08667069236130527,
    "uk_uk_p_ones": 0.17591407576043358,
    "uk_shortened_length": 103.91947565543072,
    "uk_bp_loss": 0.006377881944246972,
    "hi_hi_prior": 0.12999999523162842,
    "hi_hi_compression_rate": 7.776093708649847,
    "hi_hi_compression_var": 0.25211693639404903,
    "hi_hi_p_ones": 0.12951360257787298,
    "hi_shortened_length": 84.34678298800436,
    "hi_bp_loss": 0.006538960833870272,
    "te_te_prior": 0.12399999797344208,
    "te_te_compression_rate": 8.237963858149717,
    "te_te_compression_var": 0.2968220933058243,
    "te_te_p_ones": 0.12209597980164116,
    "te_shortened_length": 79.74383020730504,
    "te_bp_loss": 0.006248418404927582
    }