{
    "en_eval_bpc": 1.5868030786514282,
    "en_eval_loss": 1.0998880863189697,
    "es_eval_bpc": 1.445900321006775,
    "es_eval_loss": 1.002221703529358,
    "ru_eval_bpc": 0.9568465948104858,
    "ru_eval_loss": 0.6632355451583862,
    "uk_eval_bpc": 0.9461998343467712,
    "uk_eval_loss": 0.6558557748794556,
    "hi_eval_bpc": 0.7527225613594055,
    "hi_eval_loss": 0.5217475295066833,
    "te_eval_bpc": 0.7271933555603027,
    "te_eval_loss": 0.5040520429611206,
    "en_en_prior": 0.20000000298023224,
    "en_en_compression_rate": 5.700724540907761,
    "en_en_compression_var": 0.09466301571449329,
    "en_en_p_ones": 0.17596274189565372,
    "en_shortened_length": 102.09080459770115,
    "en_bp_loss": 8.670357029199943e-05,
    "es_es_prior": 0.16500000655651093,
    "es_es_compression_rate": 6.756079904915281,
    "es_es_compression_var": 0.11141788886250883,
    "es_es_p_ones": 0.1483841858388999,
    "es_shortened_length": 86.29652996845427,
    "es_bp_loss": 8.220342110321474e-05,
    "ru_ru_prior": 0.10000000149302878,
    "ru_ru_compression_rate": 11.534050857209898,
    "ru_ru_compression_var": 0.8066838923565012,
    "ru_ru_p_ones": 0.08723691209533235,
    "ru_shortened_length": 54.45035183737295,
    "ru_bp_loss": 0.0003642476499624961,
    "uk_uk_prior": 0.10700000077486038,
    "uk_uk_compression_rate": 10.832307588667373,
    "uk_uk_compression_var": 0.65029199861571,
    "uk_uk_p_ones": 0.09284776004797773,
    "uk_shortened_length": 57.55833807626637,
    "uk_bp_loss": 0.0003427192505833883,
    "hi_hi_prior": 0.07800000160932541,
    "hi_hi_compression_rate": 15.237368782836121,
    "hi_hi_compression_var": 2.1975674384600157,
    "hi_hi_p_ones": 0.06627882127637987,
    "hi_shortened_length": 44.42805194805195,
    "hi_bp_loss": 0.0006848137793675452,
    "te_te_prior": 0.07400000095367432,
    "te_te_compression_rate": 16.22392701111047,
    "te_te_compression_var": 2.4264935360140223,
    "te_te_p_ones": 0.06234556952892225,
    "te_shortened_length": 43.71835443037975,
    "te_bp_loss": 0.0010727824978816708
}