{
    "en_eval_bpc": 1.5731173753738403,
    "en_eval_loss": 1.0904018878936768,
    "es_eval_bpc": 1.4328964948654175,
    "es_eval_loss": 0.9932081699371338,
    "ru_eval_bpc": 0.9222652912139893,
    "ru_eval_loss": 0.6392655968666077,
    "uk_eval_bpc": 0.9109582901000977,
    "uk_eval_loss": 0.6314281821250916,
    "hi_eval_bpc": 0.7188780307769775,
    "hi_eval_loss": 0.49828827381134033,
    "te_eval_bpc": 0.7099303007125854,
    "te_eval_loss": 0.4920862019062042,
    "en_en_prior": 0.20000000298023224,
    "en_en_compression_rate": 5.041222210588126,
    "en_en_compression_var": 0.05034117562289553,
    "en_en_p_ones": 0.19876372238685344,
    "en_shortened_length": 113.94712643678162,
    "en_bp_loss": 0.006345424475683563,
    "es_es_prior": 0.16500000655651093,
    "es_es_compression_rate": 6.042771780152426,
    "es_es_compression_var": 0.11024652234230634,
    "es_es_p_ones": 0.1659148743789404,
    "es_shortened_length": 96.53732912723449,
    "es_bp_loss": 0.006210006514934335,
    "ru_ru_prior": 0.10000000149302878,
    "ru_ru_compression_rate": 10.34768383460086,
    "ru_ru_compression_var": 0.59185604611885,
    "ru_ru_p_ones": 0.09722756375678822,
    "ru_shortened_length": 61.431978107896796,
    "ru_bp_loss": 0.005898035976247887,
    "uk_uk_prior": 0.10700000077486038,
    "uk_uk_compression_rate": 9.624541891659263,
    "uk_uk_compression_var": 0.49069177604020153,
    "uk_uk_p_ones": 0.10451019929767537,
    "uk_shortened_length": 65.70290267501423,
    "uk_bp_loss": 0.0059687702507883154,
    "hi_hi_prior": 0.07800000160932541,
    "hi_hi_compression_rate": 13.61168250690807,
    "hi_hi_compression_var": 1.497173452903698,
    "hi_hi_p_ones": 0.07426775251116072,
    "hi_shortened_length": 51.30441558441559,
    "hi_bp_loss": 0.005936920847985651,
    "te_te_prior": 0.07400000095367432,
    "te_te_compression_rate": 14.25430054173116,
    "te_te_compression_var": 1.8442725634057526,
    "te_te_p_ones": 0.07096876589342224,
    "te_shortened_length": 49.819168173598555,
    "te_bp_loss": 0.00585650192038114
}